Model,Unnamed: 0,Accuracy,Precision,Recall,F1 Score,AUC,Macro Avg F1,Weighted Avg F1
Decision Tree,1.0,0.9915666666666667,0.7234970343161351,0.9592920634920634,0.8242931075548805,0.9757664340251273,0.9099863230988738,0.9921650533496719
Logistic Regression,0.0,0.9987666666666668,0.9964438122332858,0.9428920634920634,0.9688154431427158,0.9975346901911696,0.9840931643247759,0.9987474182143006
Random Forest,2.0,0.9970000000000001,0.9025309483310586,0.9577968253968254,0.9292483876249047,0.9957230997670251,0.9638579390816104,0.997046082176601
Support Vector Machine,3.0,0.9990333333333334,1.0,0.952679365079365,0.9756557966537969,0.9986332112719272,0.9875813336121952,0.9990196655707733
